onset	duration	trial_type	value	sample
23.638	1.0	NonTarget	1	11819
23.774	1.0	NonTarget	1	11887
23.914	1.0	Target	2	11957
24.058	1.0	NonTarget	1	12029
24.202	1.0	NonTarget	1	12101
24.34	1.0	NonTarget	1	12170
24.482	1.0	NonTarget	1	12241
24.618	1.0	Target	2	12309
24.754	1.0	NonTarget	1	12377
24.892	1.0	Target	2	12446
25.026	1.0	NonTarget	1	12513
25.16	1.0	NonTarget	1	12580
25.316	1.0	Target	2	12658
25.454	1.0	NonTarget	1	12727
25.594	1.0	NonTarget	1	12797
25.73	1.0	NonTarget	1	12865
25.868	1.0	NonTarget	1	12934
26.002	1.0	NonTarget	1	13001
26.138	1.0	Target	2	13069
26.276	1.0	NonTarget	1	13138
26.412	1.0	NonTarget	1	13206
26.562	1.0	NonTarget	1	13281
26.702	1.0	NonTarget	1	13351
26.838	1.0	Target	2	13419
26.976	1.0	NonTarget	1	13488
27.11	1.0	Target	2	13555
27.244	1.0	NonTarget	1	13622
27.38	1.0	NonTarget	1	13690
27.518	1.0	NonTarget	1	13759
27.664	1.0	NonTarget	1	13832
27.804	1.0	NonTarget	1	13902
27.956	1.0	Target	2	13978
28.108	1.0	NonTarget	1	14054
28.24	1.0	Target	2	14120
28.388	1.0	NonTarget	1	14194
28.522	1.0	NonTarget	1	14261
28.654	1.0	NonTarget	1	14327
28.798	1.0	Target	2	14399
28.948	1.0	NonTarget	1	14474
29.082	1.0	NonTarget	1	14541
36.11	1.0	NonTarget	1	18055
36.25	1.0	Target	2	18125
36.39	1.0	NonTarget	1	18195
36.524	1.0	NonTarget	1	18262
36.662	1.0	NonTarget	1	18331
36.792	1.0	NonTarget	1	18396
36.936	1.0	Target	2	18468
37.084	1.0	NonTarget	1	18542
37.222	1.0	Target	2	18611
37.36	1.0	NonTarget	1	18680
37.494	1.0	NonTarget	1	18747
37.632	1.0	NonTarget	1	18816
37.77	1.0	NonTarget	1	18885
37.906	1.0	NonTarget	1	18953
38.042	1.0	Target	2	19021
38.188	1.0	NonTarget	1	19094
38.328	1.0	NonTarget	1	19164
38.476	1.0	Target	2	19238
38.616	1.0	NonTarget	1	19308
38.76	1.0	NonTarget	1	19380
38.896	1.0	NonTarget	1	19448
39.036	1.0	NonTarget	1	19518
39.174	1.0	Target	2	19587
39.316	1.0	NonTarget	1	19658
39.464	1.0	Target	2	19732
39.594	1.0	NonTarget	1	19797
39.732	1.0	NonTarget	1	19866
39.87	1.0	NonTarget	1	19935
40.012	1.0	Target	2	20006
40.144	1.0	NonTarget	1	20072
40.282	1.0	NonTarget	1	20141
40.422	1.0	NonTarget	1	20211
40.57	1.0	NonTarget	1	20285
40.706	1.0	NonTarget	1	20353
40.84	1.0	NonTarget	1	20420
40.982	1.0	Target	2	20491
41.114	1.0	NonTarget	1	20557
41.25	1.0	NonTarget	1	20625
41.392	1.0	Target	2	20696
41.528	1.0	NonTarget	1	20764
48.554	1.0	NonTarget	1	24277
48.694	1.0	NonTarget	1	24347
48.832	1.0	Target	2	24416
48.968	1.0	NonTarget	1	24484
49.108	1.0	NonTarget	1	24554
49.24	1.0	NonTarget	1	24620
49.376	1.0	NonTarget	1	24688
49.512	1.0	Target	2	24756
49.65	1.0	NonTarget	1	24825
49.796	1.0	Target	2	24898
49.932	1.0	NonTarget	1	24966
50.068	1.0	NonTarget	1	25034
50.2	1.0	Target	2	25100
50.336	1.0	NonTarget	1	25168
50.476	1.0	NonTarget	1	25238
50.614	1.0	NonTarget	1	25307
50.75	1.0	NonTarget	1	25375
50.906	1.0	NonTarget	1	25453
51.04	1.0	Target	2	25520
51.178	1.0	NonTarget	1	25589
51.32	1.0	NonTarget	1	25660
51.454	1.0	NonTarget	1	25727
51.592	1.0	NonTarget	1	25796
51.73	1.0	Target	2	25865
51.864	1.0	NonTarget	1	25932
52.012	1.0	Target	2	26006
52.148	1.0	NonTarget	1	26074
52.292	1.0	NonTarget	1	26146
52.426	1.0	NonTarget	1	26213
52.562	1.0	NonTarget	1	26281
52.698	1.0	NonTarget	1	26349
52.836	1.0	Target	2	26418
52.976	1.0	NonTarget	1	26488
53.122	1.0	Target	2	26561
53.258	1.0	NonTarget	1	26629
53.404	1.0	NonTarget	1	26702
53.538	1.0	NonTarget	1	26769
53.678	1.0	Target	2	26839
53.818	1.0	NonTarget	1	26909
53.95	1.0	NonTarget	1	26975
60.964	1.0	Target	2	30482
61.108	1.0	NonTarget	1	30554
61.25	1.0	NonTarget	1	30625
61.384	1.0	NonTarget	1	30692
61.524	1.0	Target	2	30762
61.658	1.0	NonTarget	1	30829
61.79	1.0	NonTarget	1	30895
61.932	1.0	NonTarget	1	30966
62.064	1.0	NonTarget	1	31032
62.202	1.0	NonTarget	1	31101
62.348	1.0	Target	2	31174
62.488	1.0	NonTarget	1	31244
62.622	1.0	NonTarget	1	31311
62.758	1.0	Target	2	31379
62.892	1.0	NonTarget	1	31446
63.03	1.0	NonTarget	1	31515
63.162	1.0	Target	2	31581
63.3	1.0	NonTarget	1	31650
63.446	1.0	NonTarget	1	31723
63.594	1.0	NonTarget	1	31797
63.736	1.0	Target	2	31868
63.872	1.0	NonTarget	1	31936
64.008	1.0	NonTarget	1	32004
64.15	1.0	NonTarget	1	32075
64.28	1.0	NonTarget	1	32140
64.42	1.0	NonTarget	1	32210
64.558	1.0	Target	2	32279
64.706	1.0	NonTarget	1	32353
64.842	1.0	NonTarget	1	32421
64.98	1.0	Target	2	32490
65.118	1.0	NonTarget	1	32559
65.252	1.0	NonTarget	1	32626
65.392	1.0	NonTarget	1	32696
65.524	1.0	NonTarget	1	32762
65.658	1.0	Target	2	32829
65.792	1.0	NonTarget	1	32896
65.934	1.0	NonTarget	1	32967
66.072	1.0	NonTarget	1	33036
66.212	1.0	NonTarget	1	33106
66.342	1.0	Target	2	33171
73.352	1.0	Target	2	36676
73.488	1.0	NonTarget	1	36744
73.624	1.0	NonTarget	1	36812
73.762	1.0	NonTarget	1	36881
73.898	1.0	Target	2	36949
74.034	1.0	NonTarget	1	37017
74.17	1.0	NonTarget	1	37085
74.302	1.0	NonTarget	1	37151
74.444	1.0	NonTarget	1	37222
74.594	1.0	NonTarget	1	37297
74.732	1.0	Target	2	37366
74.868	1.0	NonTarget	1	37434
75.006	1.0	NonTarget	1	37503
75.142	1.0	Target	2	37571
75.282	1.0	NonTarget	1	37641
75.422	1.0	NonTarget	1	37711
75.554	1.0	Target	2	37777
75.688	1.0	NonTarget	1	37844
75.828	1.0	NonTarget	1	37914
75.96	1.0	NonTarget	1	37980
76.1	1.0	Target	2	38050
76.238	1.0	NonTarget	1	38119
76.374	1.0	NonTarget	1	38187
76.51	1.0	NonTarget	1	38255
76.648	1.0	NonTarget	1	38324
76.782	1.0	NonTarget	1	38391
76.918	1.0	Target	2	38459
77.058	1.0	NonTarget	1	38529
77.198	1.0	NonTarget	1	38599
77.334	1.0	Target	2	38667
77.468	1.0	NonTarget	1	38734
77.602	1.0	NonTarget	1	38801
77.744	1.0	NonTarget	1	38872
77.876	1.0	NonTarget	1	38938
78.022	1.0	Target	2	39011
78.156	1.0	NonTarget	1	39078
78.29	1.0	NonTarget	1	39145
78.432	1.0	NonTarget	1	39216
78.562	1.0	NonTarget	1	39281
78.7	1.0	Target	2	39350
85.714	1.0	NonTarget	1	42857
85.852	1.0	Target	2	42926
85.992	1.0	NonTarget	1	42996
86.126	1.0	NonTarget	1	43063
86.262	1.0	NonTarget	1	43131
86.4	1.0	NonTarget	1	43200
86.538	1.0	Target	2	43269
86.672	1.0	NonTarget	1	43336
86.806	1.0	Target	2	43403
86.94	1.0	NonTarget	1	43470
87.086	1.0	NonTarget	1	43543
87.22	1.0	NonTarget	1	43610
87.362	1.0	NonTarget	1	43681
87.5	1.0	NonTarget	1	43750
87.644	1.0	Target	2	43822
87.78	1.0	NonTarget	1	43890
87.918	1.0	NonTarget	1	43959
88.052	1.0	Target	2	44026
88.194	1.0	NonTarget	1	44097
88.328	1.0	NonTarget	1	44164
88.466	1.0	NonTarget	1	44233
88.602	1.0	NonTarget	1	44301
88.738	1.0	Target	2	44369
88.88	1.0	NonTarget	1	44440
89.028	1.0	Target	2	44514
89.17	1.0	NonTarget	1	44585
89.324	1.0	NonTarget	1	44662
89.478	1.0	NonTarget	1	44739
89.628	1.0	Target	2	44814
89.78	1.0	NonTarget	1	44890
89.93	1.0	NonTarget	1	44965
90.084	1.0	NonTarget	1	45042
90.236	1.0	NonTarget	1	45118
90.378	1.0	NonTarget	1	45189
90.532	1.0	NonTarget	1	45266
90.682	1.0	Target	2	45341
90.832	1.0	NonTarget	1	45416
90.984	1.0	NonTarget	1	45492
91.13	1.0	Target	2	45565
91.268	1.0	NonTarget	1	45634
98.256	1.0	NonTarget	1	49128
98.406	1.0	NonTarget	1	49203
98.536	1.0	Target	2	49268
98.672	1.0	NonTarget	1	49336
98.808	1.0	NonTarget	1	49404
98.946	1.0	NonTarget	1	49473
99.092	1.0	NonTarget	1	49546
99.23	1.0	Target	2	49615
99.368	1.0	NonTarget	1	49684
99.504	1.0	Target	2	49752
99.644	1.0	NonTarget	1	49822
99.778	1.0	NonTarget	1	49889
99.918	1.0	Target	2	49959
100.054	1.0	NonTarget	1	50027
100.186	1.0	NonTarget	1	50093
100.328	1.0	NonTarget	1	50164
100.474	1.0	NonTarget	1	50237
100.608	1.0	NonTarget	1	50304
100.746	1.0	Target	2	50373
100.89	1.0	NonTarget	1	50445
101.022	1.0	NonTarget	1	50511
101.158	1.0	NonTarget	1	50579
101.288	1.0	NonTarget	1	50644
101.432	1.0	Target	2	50716
101.568	1.0	NonTarget	1	50784
101.702	1.0	Target	2	50851
101.836	1.0	NonTarget	1	50918
101.982	1.0	NonTarget	1	50991
102.116	1.0	NonTarget	1	51058
102.252	1.0	NonTarget	1	51126
102.394	1.0	NonTarget	1	51197
102.532	1.0	Target	2	51266
102.664	1.0	NonTarget	1	51332
102.8	1.0	Target	2	51400
102.938	1.0	NonTarget	1	51469
103.076	1.0	NonTarget	1	51538
103.22	1.0	NonTarget	1	51610
103.358	1.0	Target	2	51679
103.49	1.0	NonTarget	1	51745
103.63	1.0	NonTarget	1	51815
110.63	1.0	NonTarget	1	55315
110.762	1.0	Target	2	55381
110.904	1.0	NonTarget	1	55452
111.044	1.0	NonTarget	1	55522
111.176	1.0	NonTarget	1	55588
111.318	1.0	NonTarget	1	55659
111.454	1.0	Target	2	55727
111.592	1.0	NonTarget	1	55796
111.732	1.0	Target	2	55866
111.864	1.0	NonTarget	1	55932
112.0	1.0	NonTarget	1	56000
112.142	1.0	NonTarget	1	56071
112.276	1.0	NonTarget	1	56138
112.412	1.0	NonTarget	1	56206
112.552	1.0	Target	2	56276
112.688	1.0	NonTarget	1	56344
112.826	1.0	NonTarget	1	56413
112.962	1.0	Target	2	56481
113.1	1.0	NonTarget	1	56550
113.236	1.0	NonTarget	1	56618
113.374	1.0	NonTarget	1	56687
113.514	1.0	NonTarget	1	56757
113.656	1.0	Target	2	56828
113.792	1.0	NonTarget	1	56896
113.928	1.0	Target	2	56964
114.07	1.0	NonTarget	1	57035
114.204	1.0	NonTarget	1	57102
114.356	1.0	NonTarget	1	57178
114.49	1.0	Target	2	57245
114.626	1.0	NonTarget	1	57313
114.766	1.0	NonTarget	1	57383
114.9	1.0	NonTarget	1	57450
115.042	1.0	NonTarget	1	57521
115.174	1.0	NonTarget	1	57587
115.31	1.0	NonTarget	1	57655
115.462	1.0	Target	2	57731
115.602	1.0	NonTarget	1	57801
115.736	1.0	NonTarget	1	57868
115.876	1.0	Target	2	57938
116.012	1.0	NonTarget	1	58006
123.036	1.0	NonTarget	1	61518
123.174	1.0	NonTarget	1	61587
123.31	1.0	Target	2	61655
123.444	1.0	NonTarget	1	61722
123.59	1.0	NonTarget	1	61795
123.728	1.0	NonTarget	1	61864
123.864	1.0	NonTarget	1	61932
124.0	1.0	Target	2	62000
124.138	1.0	NonTarget	1	62069
124.272	1.0	Target	2	62136
124.414	1.0	NonTarget	1	62207
124.554	1.0	NonTarget	1	62277
124.694	1.0	Target	2	62347
124.832	1.0	NonTarget	1	62416
124.966	1.0	NonTarget	1	62483
125.102	1.0	NonTarget	1	62551
125.234	1.0	NonTarget	1	62617
125.372	1.0	NonTarget	1	62686
125.512	1.0	Target	2	62756
125.654	1.0	NonTarget	1	62827
125.794	1.0	NonTarget	1	62897
125.932	1.0	NonTarget	1	62966
126.07	1.0	NonTarget	1	63035
126.206	1.0	Target	2	63103
126.342	1.0	NonTarget	1	63171
126.48	1.0	Target	2	63240
126.612	1.0	NonTarget	1	63306
126.752	1.0	NonTarget	1	63376
126.888	1.0	NonTarget	1	63444
127.026	1.0	NonTarget	1	63513
127.16	1.0	NonTarget	1	63580
127.294	1.0	Target	2	63647
127.44	1.0	NonTarget	1	63720
127.586	1.0	Target	2	63793
127.722	1.0	NonTarget	1	63861
127.868	1.0	NonTarget	1	63934
128.006	1.0	NonTarget	1	64003
128.142	1.0	Target	2	64071
128.274	1.0	NonTarget	1	64137
128.41	1.0	NonTarget	1	64205
135.442	1.0	NonTarget	1	67721
135.584	1.0	NonTarget	1	67792
135.73	1.0	NonTarget	1	67865
135.866	1.0	Target	2	67933
136.0	1.0	NonTarget	1	68000
136.138	1.0	Target	2	68069
136.274	1.0	NonTarget	1	68137
136.408	1.0	NonTarget	1	68204
136.548	1.0	NonTarget	1	68274
136.686	1.0	NonTarget	1	68343
136.83	1.0	NonTarget	1	68415
136.964	1.0	Target	2	68482
137.098	1.0	NonTarget	1	68549
137.234	1.0	NonTarget	1	68617
137.372	1.0	NonTarget	1	68686
137.51	1.0	Target	2	68755
137.648	1.0	NonTarget	1	68824
137.784	1.0	NonTarget	1	68892
137.92	1.0	NonTarget	1	68960
138.064	1.0	Target	2	69032
138.198	1.0	NonTarget	1	69099
138.332	1.0	Target	2	69166
138.478	1.0	NonTarget	1	69239
138.614	1.0	NonTarget	1	69307
138.75	1.0	NonTarget	1	69375
138.888	1.0	NonTarget	1	69444
139.022	1.0	NonTarget	1	69511
139.17	1.0	Target	2	69585
139.308	1.0	NonTarget	1	69654
139.45	1.0	NonTarget	1	69725
139.594	1.0	Target	2	69797
139.726	1.0	NonTarget	1	69863
139.864	1.0	Target	2	69932
139.994	1.0	NonTarget	1	69997
140.134	1.0	NonTarget	1	70067
140.276	1.0	NonTarget	1	70138
140.418	1.0	Target	2	70209
140.556	1.0	NonTarget	1	70278
140.692	1.0	NonTarget	1	70346
140.826	1.0	NonTarget	1	70413
147.852	1.0	NonTarget	1	73926
147.988	1.0	NonTarget	1	73994
148.124	1.0	Target	2	74062
148.266	1.0	NonTarget	1	74133
148.4	1.0	NonTarget	1	74200
148.546	1.0	NonTarget	1	74273
148.688	1.0	NonTarget	1	74344
148.82	1.0	Target	2	74410
148.958	1.0	NonTarget	1	74479
149.094	1.0	Target	2	74547
149.23	1.0	NonTarget	1	74615
149.366	1.0	NonTarget	1	74683
149.498	1.0	Target	2	74749
149.638	1.0	NonTarget	1	74819
149.786	1.0	NonTarget	1	74893
149.918	1.0	NonTarget	1	74959
150.06	1.0	NonTarget	1	75030
150.196	1.0	NonTarget	1	75098
150.334	1.0	Target	2	75167
150.472	1.0	NonTarget	1	75236
150.612	1.0	NonTarget	1	75306
150.746	1.0	NonTarget	1	75373
150.88	1.0	NonTarget	1	75440
151.028	1.0	Target	2	75514
151.158	1.0	NonTarget	1	75579
151.31	1.0	Target	2	75655
151.448	1.0	NonTarget	1	75724
151.588	1.0	NonTarget	1	75794
151.72	1.0	NonTarget	1	75860
151.86	1.0	NonTarget	1	75930
151.996	1.0	NonTarget	1	75998
152.136	1.0	Target	2	76068
152.278	1.0	NonTarget	1	76139
152.414	1.0	Target	2	76207
152.548	1.0	NonTarget	1	76274
152.68	1.0	NonTarget	1	76340
152.818	1.0	NonTarget	1	76409
152.952	1.0	Target	2	76476
153.092	1.0	NonTarget	1	76546
153.23	1.0	NonTarget	1	76615
160.216	1.0	NonTarget	1	80108
160.35	1.0	NonTarget	1	80175
160.492	1.0	Target	2	80246
160.632	1.0	NonTarget	1	80316
160.78	1.0	NonTarget	1	80390
160.916	1.0	NonTarget	1	80458
161.056	1.0	NonTarget	1	80528
161.188	1.0	Target	2	80594
161.328	1.0	NonTarget	1	80664
161.458	1.0	Target	2	80729
161.596	1.0	NonTarget	1	80798
161.732	1.0	NonTarget	1	80866
161.87	1.0	Target	2	80935
162.018	1.0	NonTarget	1	81009
162.15	1.0	NonTarget	1	81075
162.29	1.0	NonTarget	1	81145
162.426	1.0	NonTarget	1	81213
162.564	1.0	NonTarget	1	81282
162.704	1.0	Target	2	81352
162.842	1.0	NonTarget	1	81421
162.978	1.0	NonTarget	1	81489
163.12	1.0	NonTarget	1	81560
163.264	1.0	NonTarget	1	81632
163.398	1.0	Target	2	81699
163.536	1.0	NonTarget	1	81768
163.67	1.0	Target	2	81835
163.808	1.0	NonTarget	1	81904
163.942	1.0	NonTarget	1	81971
164.078	1.0	NonTarget	1	82039
164.212	1.0	NonTarget	1	82106
164.362	1.0	NonTarget	1	82181
164.498	1.0	Target	2	82249
164.636	1.0	NonTarget	1	82318
164.78	1.0	Target	2	82390
164.912	1.0	NonTarget	1	82456
165.05	1.0	NonTarget	1	82525
165.19	1.0	NonTarget	1	82595
165.326	1.0	Target	2	82663
165.462	1.0	NonTarget	1	82731
165.604	1.0	NonTarget	1	82802
172.636	1.0	NonTarget	1	86318
172.778	1.0	Target	2	86389
172.914	1.0	NonTarget	1	86457
173.05	1.0	NonTarget	1	86525
173.188	1.0	NonTarget	1	86594
173.322	1.0	NonTarget	1	86661
173.462	1.0	Target	2	86731
173.6	1.0	NonTarget	1	86800
173.738	1.0	Target	2	86869
173.89	1.0	NonTarget	1	86945
174.026	1.0	NonTarget	1	87013
174.158	1.0	NonTarget	1	87079
174.3	1.0	NonTarget	1	87150
174.436	1.0	NonTarget	1	87218
174.572	1.0	Target	2	87286
174.716	1.0	NonTarget	1	87358
174.848	1.0	NonTarget	1	87424
174.994	1.0	Target	2	87497
175.136	1.0	NonTarget	1	87568
175.27	1.0	NonTarget	1	87635
175.412	1.0	NonTarget	1	87706
175.548	1.0	NonTarget	1	87774
175.682	1.0	Target	2	87841
175.82	1.0	NonTarget	1	87910
175.954	1.0	Target	2	87977
176.094	1.0	NonTarget	1	88047
176.238	1.0	NonTarget	1	88119
176.376	1.0	NonTarget	1	88188
176.516	1.0	Target	2	88258
176.656	1.0	NonTarget	1	88328
176.79	1.0	NonTarget	1	88395
176.926	1.0	NonTarget	1	88463
177.066	1.0	NonTarget	1	88533
177.202	1.0	NonTarget	1	88601
177.336	1.0	NonTarget	1	88668
177.488	1.0	Target	2	88744
177.628	1.0	NonTarget	1	88814
177.76	1.0	NonTarget	1	88880
177.9	1.0	Target	2	88950
178.042	1.0	NonTarget	1	89021
185.04	1.0	NonTarget	1	92520
185.18	1.0	NonTarget	1	92590
185.324	1.0	Target	2	92662
185.468	1.0	NonTarget	1	92734
185.606	1.0	NonTarget	1	92803
185.744	1.0	NonTarget	1	92872
185.878	1.0	NonTarget	1	92939
186.012	1.0	Target	2	93006
186.142	1.0	NonTarget	1	93071
186.282	1.0	Target	2	93141
186.42	1.0	NonTarget	1	93210
186.566	1.0	NonTarget	1	93283
186.704	1.0	Target	2	93352
186.842	1.0	NonTarget	1	93421
186.976	1.0	NonTarget	1	93488
187.112	1.0	NonTarget	1	93556
187.248	1.0	NonTarget	1	93624
187.382	1.0	NonTarget	1	93691
187.522	1.0	Target	2	93761
187.668	1.0	NonTarget	1	93834
187.802	1.0	NonTarget	1	93901
187.944	1.0	NonTarget	1	93972
188.082	1.0	NonTarget	1	94041
188.218	1.0	Target	2	94109
188.354	1.0	NonTarget	1	94177
188.49	1.0	Target	2	94245
188.622	1.0	NonTarget	1	94311
188.76	1.0	NonTarget	1	94380
188.912	1.0	NonTarget	1	94456
189.052	1.0	NonTarget	1	94526
189.184	1.0	NonTarget	1	94592
189.326	1.0	Target	2	94663
189.46	1.0	NonTarget	1	94730
189.598	1.0	Target	2	94799
189.734	1.0	NonTarget	1	94867
189.868	1.0	NonTarget	1	94934
190.008	1.0	NonTarget	1	95004
190.148	1.0	Target	2	95074
190.282	1.0	NonTarget	1	95141
190.42	1.0	NonTarget	1	95210
197.422	1.0	NonTarget	1	98711
197.558	1.0	NonTarget	1	98779
197.696	1.0	NonTarget	1	98848
197.838	1.0	Target	2	98919
197.976	1.0	NonTarget	1	98988
198.114	1.0	Target	2	99057
198.252	1.0	NonTarget	1	99126
198.394	1.0	NonTarget	1	99197
198.534	1.0	NonTarget	1	99267
198.668	1.0	NonTarget	1	99334
198.808	1.0	NonTarget	1	99404
198.94	1.0	Target	2	99470
199.078	1.0	NonTarget	1	99539
199.218	1.0	NonTarget	1	99609
199.354	1.0	NonTarget	1	99677
199.488	1.0	Target	2	99744
199.638	1.0	NonTarget	1	99819
199.778	1.0	NonTarget	1	99889
199.92	1.0	NonTarget	1	99960
200.056	1.0	Target	2	100028
200.19	1.0	NonTarget	1	100095
200.326	1.0	Target	2	100163
200.458	1.0	NonTarget	1	100229
200.604	1.0	NonTarget	1	100302
200.746	1.0	NonTarget	1	100373
200.886	1.0	NonTarget	1	100443
201.016	1.0	NonTarget	1	100508
201.156	1.0	Target	2	100578
201.298	1.0	NonTarget	1	100649
201.432	1.0	NonTarget	1	100716
201.57	1.0	Target	2	100785
201.708	1.0	NonTarget	1	100854
201.854	1.0	Target	2	100927
202.006	1.0	NonTarget	1	101003
202.144	1.0	NonTarget	1	101072
202.278	1.0	NonTarget	1	101139
202.416	1.0	Target	2	101208
202.55	1.0	NonTarget	1	101275
202.688	1.0	NonTarget	1	101344
202.826	1.0	NonTarget	1	101413
209.864	1.0	NonTarget	1	104932
209.994	1.0	NonTarget	1	104997
210.134	1.0	NonTarget	1	105067
210.27	1.0	Target	2	105135
210.406	1.0	NonTarget	1	105203
210.552	1.0	Target	2	105276
210.686	1.0	NonTarget	1	105343
210.822	1.0	NonTarget	1	105411
210.956	1.0	NonTarget	1	105478
211.092	1.0	NonTarget	1	105546
211.23	1.0	NonTarget	1	105615
211.364	1.0	Target	2	105682
211.506	1.0	NonTarget	1	105753
211.65	1.0	NonTarget	1	105825
211.794	1.0	NonTarget	1	105897
211.942	1.0	Target	2	105971
212.08	1.0	NonTarget	1	106040
212.212	1.0	NonTarget	1	106106
212.35	1.0	NonTarget	1	106175
212.484	1.0	Target	2	106242
212.62	1.0	NonTarget	1	106310
212.754	1.0	Target	2	106377
212.904	1.0	NonTarget	1	106452
213.042	1.0	NonTarget	1	106521
213.182	1.0	NonTarget	1	106591
213.32	1.0	NonTarget	1	106660
213.46	1.0	NonTarget	1	106730
213.594	1.0	Target	2	106797
213.732	1.0	NonTarget	1	106866
213.868	1.0	NonTarget	1	106934
214.012	1.0	Target	2	107006
214.152	1.0	NonTarget	1	107076
214.288	1.0	Target	2	107144
214.424	1.0	NonTarget	1	107212
214.556	1.0	NonTarget	1	107278
214.694	1.0	NonTarget	1	107347
214.834	1.0	Target	2	107417
214.968	1.0	NonTarget	1	107484
215.104	1.0	NonTarget	1	107552
215.25	1.0	NonTarget	1	107625
222.228	1.0	Target	2	111114
222.364	1.0	NonTarget	1	111182
222.504	1.0	NonTarget	1	111252
222.642	1.0	NonTarget	1	111321
222.78	1.0	Target	2	111390
222.916	1.0	NonTarget	1	111458
223.054	1.0	NonTarget	1	111527
223.188	1.0	NonTarget	1	111594
223.326	1.0	NonTarget	1	111663
223.462	1.0	NonTarget	1	111731
223.604	1.0	Target	2	111802
223.748	1.0	NonTarget	1	111874
223.882	1.0	NonTarget	1	111941
224.022	1.0	Target	2	112011
224.156	1.0	NonTarget	1	112078
224.286	1.0	NonTarget	1	112143
224.428	1.0	Target	2	112214
224.566	1.0	NonTarget	1	112283
224.708	1.0	NonTarget	1	112354
224.85	1.0	NonTarget	1	112425
224.994	1.0	Target	2	112497
225.128	1.0	NonTarget	1	112564
225.266	1.0	NonTarget	1	112633
225.4	1.0	NonTarget	1	112700
225.536	1.0	NonTarget	1	112768
225.67	1.0	NonTarget	1	112835
225.808	1.0	Target	2	112904
225.958	1.0	NonTarget	1	112979
226.094	1.0	NonTarget	1	113047
226.234	1.0	Target	2	113117
226.368	1.0	NonTarget	1	113184
226.502	1.0	NonTarget	1	113251
226.638	1.0	NonTarget	1	113319
226.776	1.0	NonTarget	1	113388
226.914	1.0	Target	2	113457
227.048	1.0	NonTarget	1	113524
227.2	1.0	NonTarget	1	113600
227.334	1.0	NonTarget	1	113667
227.474	1.0	NonTarget	1	113737
227.612	1.0	Target	2	113806
234.626	1.0	Target	2	117313
234.762	1.0	NonTarget	1	117381
234.896	1.0	NonTarget	1	117448
235.038	1.0	NonTarget	1	117519
235.17	1.0	Target	2	117585
235.318	1.0	NonTarget	1	117659
235.454	1.0	NonTarget	1	117727
235.59	1.0	NonTarget	1	117795
235.728	1.0	NonTarget	1	117864
235.866	1.0	NonTarget	1	117933
236.002	1.0	Target	2	118001
236.136	1.0	NonTarget	1	118068
236.28	1.0	NonTarget	1	118140
236.416	1.0	Target	2	118208
236.56	1.0	NonTarget	1	118280
236.702	1.0	NonTarget	1	118351
236.842	1.0	Target	2	118421
236.976	1.0	NonTarget	1	118488
237.114	1.0	NonTarget	1	118557
237.254	1.0	NonTarget	1	118627
237.386	1.0	Target	2	118693
237.516	1.0	NonTarget	1	118758
237.662	1.0	NonTarget	1	118831
237.8	1.0	NonTarget	1	118900
237.934	1.0	NonTarget	1	118967
238.076	1.0	NonTarget	1	119038
238.214	1.0	Target	2	119107
238.348	1.0	NonTarget	1	119174
238.486	1.0	NonTarget	1	119243
238.62	1.0	Target	2	119310
238.754	1.0	NonTarget	1	119377
238.908	1.0	NonTarget	1	119454
239.042	1.0	NonTarget	1	119521
239.176	1.0	NonTarget	1	119588
239.31	1.0	Target	2	119655
239.446	1.0	NonTarget	1	119723
239.594	1.0	NonTarget	1	119797
239.746	1.0	NonTarget	1	119873
239.884	1.0	NonTarget	1	119942
240.028	1.0	Target	2	120014
247.036	1.0	NonTarget	1	123518
247.178	1.0	Target	2	123589
247.312	1.0	NonTarget	1	123656
247.448	1.0	NonTarget	1	123724
247.584	1.0	NonTarget	1	123792
247.716	1.0	NonTarget	1	123858
247.854	1.0	Target	2	123927
247.99	1.0	NonTarget	1	123995
248.126	1.0	Target	2	124063
248.266	1.0	NonTarget	1	124133
248.41	1.0	NonTarget	1	124205
248.546	1.0	NonTarget	1	124273
248.682	1.0	NonTarget	1	124341
248.818	1.0	NonTarget	1	124409
248.952	1.0	Target	2	124476
249.094	1.0	NonTarget	1	124547
249.228	1.0	NonTarget	1	124614
249.366	1.0	Target	2	124683
249.51	1.0	NonTarget	1	124755
249.644	1.0	NonTarget	1	124822
249.78	1.0	NonTarget	1	124890
249.916	1.0	NonTarget	1	124958
250.058	1.0	Target	2	125029
250.194	1.0	NonTarget	1	125097
250.33	1.0	Target	2	125165
250.468	1.0	NonTarget	1	125234
250.608	1.0	NonTarget	1	125304
250.75	1.0	NonTarget	1	125375
250.884	1.0	Target	2	125442
251.022	1.0	NonTarget	1	125511
251.158	1.0	NonTarget	1	125579
251.298	1.0	NonTarget	1	125649
251.434	1.0	NonTarget	1	125717
251.57	1.0	NonTarget	1	125785
251.71	1.0	NonTarget	1	125855
251.852	1.0	Target	2	125926
251.992	1.0	NonTarget	1	125996
252.128	1.0	NonTarget	1	126064
252.256	1.0	Target	2	126128
252.396	1.0	NonTarget	1	126198
259.37	1.0	NonTarget	1	129685
259.504	1.0	NonTarget	1	129752
259.648	1.0	NonTarget	1	129824
259.782	1.0	Target	2	129891
259.922	1.0	NonTarget	1	129961
260.056	1.0	Target	2	130028
260.196	1.0	NonTarget	1	130098
260.338	1.0	NonTarget	1	130169
260.472	1.0	NonTarget	1	130236
260.604	1.0	NonTarget	1	130302
260.734	1.0	NonTarget	1	130367
260.874	1.0	Target	2	130437
261.01	1.0	NonTarget	1	130505
261.152	1.0	NonTarget	1	130576
261.286	1.0	NonTarget	1	130643
261.43	1.0	Target	2	130715
261.568	1.0	NonTarget	1	130784
261.702	1.0	NonTarget	1	130851
261.842	1.0	NonTarget	1	130921
261.982	1.0	Target	2	130991
262.12	1.0	NonTarget	1	131060
262.25	1.0	Target	2	131125
262.386	1.0	NonTarget	1	131193
262.53	1.0	NonTarget	1	131265
262.67	1.0	NonTarget	1	131335
262.81	1.0	NonTarget	1	131405
262.952	1.0	NonTarget	1	131476
263.086	1.0	Target	2	131543
263.226	1.0	NonTarget	1	131613
263.36	1.0	NonTarget	1	131680
263.5	1.0	Target	2	131750
263.634	1.0	NonTarget	1	131817
263.786	1.0	Target	2	131893
263.914	1.0	NonTarget	1	131957
264.058	1.0	NonTarget	1	132029
264.196	1.0	NonTarget	1	132098
264.326	1.0	Target	2	132163
264.464	1.0	NonTarget	1	132232
264.602	1.0	NonTarget	1	132301
264.736	1.0	NonTarget	1	132368
271.752	1.0	NonTarget	1	135876
271.89	1.0	Target	2	135945
272.026	1.0	NonTarget	1	136013
272.16	1.0	NonTarget	1	136080
272.304	1.0	NonTarget	1	136152
272.44	1.0	NonTarget	1	136220
272.572	1.0	Target	2	136286
272.718	1.0	NonTarget	1	136359
272.852	1.0	Target	2	136426
272.992	1.0	NonTarget	1	136496
273.13	1.0	NonTarget	1	136565
273.27	1.0	NonTarget	1	136635
273.412	1.0	NonTarget	1	136706
273.548	1.0	NonTarget	1	136774
273.688	1.0	Target	2	136844
273.824	1.0	NonTarget	1	136912
273.972	1.0	NonTarget	1	136986
274.106	1.0	Target	2	137053
274.24	1.0	NonTarget	1	137120
274.374	1.0	NonTarget	1	137187
274.512	1.0	NonTarget	1	137256
274.646	1.0	NonTarget	1	137323
274.782	1.0	Target	2	137391
274.92	1.0	NonTarget	1	137460
275.064	1.0	Target	2	137532
275.206	1.0	NonTarget	1	137603
275.342	1.0	NonTarget	1	137671
275.474	1.0	NonTarget	1	137737
275.61	1.0	Target	2	137805
275.744	1.0	NonTarget	1	137872
275.88	1.0	NonTarget	1	137940
276.018	1.0	NonTarget	1	138009
276.16	1.0	NonTarget	1	138080
276.302	1.0	NonTarget	1	138151
276.432	1.0	NonTarget	1	138216
276.574	1.0	Target	2	138287
276.708	1.0	NonTarget	1	138354
276.848	1.0	NonTarget	1	138424
276.986	1.0	Target	2	138493
277.126	1.0	NonTarget	1	138563
284.112	1.0	NonTarget	1	142056
284.246	1.0	Target	2	142123
284.386	1.0	NonTarget	1	142193
284.532	1.0	NonTarget	1	142266
284.67	1.0	NonTarget	1	142335
284.808	1.0	NonTarget	1	142404
284.944	1.0	Target	2	142472
285.082	1.0	NonTarget	1	142541
285.218	1.0	Target	2	142609
285.352	1.0	NonTarget	1	142676
285.49	1.0	NonTarget	1	142745
285.636	1.0	NonTarget	1	142818
285.774	1.0	NonTarget	1	142887
285.914	1.0	NonTarget	1	142957
286.05	1.0	Target	2	143025
286.188	1.0	NonTarget	1	143094
286.326	1.0	NonTarget	1	143163
286.458	1.0	Target	2	143229
286.594	1.0	NonTarget	1	143297
286.736	1.0	NonTarget	1	143368
286.878	1.0	NonTarget	1	143439
287.014	1.0	NonTarget	1	143507
287.154	1.0	Target	2	143577
287.288	1.0	NonTarget	1	143644
287.424	1.0	Target	2	143712
287.552	1.0	NonTarget	1	143776
287.69	1.0	NonTarget	1	143845
287.828	1.0	NonTarget	1	143914
287.966	1.0	Target	2	143983
288.114	1.0	NonTarget	1	144057
288.254	1.0	NonTarget	1	144127
288.394	1.0	NonTarget	1	144197
288.528	1.0	NonTarget	1	144264
288.666	1.0	NonTarget	1	144333
288.8	1.0	NonTarget	1	144400
288.934	1.0	Target	2	144467
289.074	1.0	NonTarget	1	144537
289.22	1.0	NonTarget	1	144610
289.362	1.0	Target	2	144681
289.502	1.0	NonTarget	1	144751
296.502	1.0	NonTarget	1	148251
296.642	1.0	Target	2	148321
296.776	1.0	NonTarget	1	148388
296.906	1.0	NonTarget	1	148453
297.048	1.0	NonTarget	1	148524
297.184	1.0	NonTarget	1	148592
297.314	1.0	Target	2	148657
297.454	1.0	NonTarget	1	148727
297.598	1.0	Target	2	148799
297.738	1.0	NonTarget	1	148869
297.874	1.0	NonTarget	1	148937
298.012	1.0	NonTarget	1	149006
298.148	1.0	NonTarget	1	149074
298.286	1.0	NonTarget	1	149143
298.42	1.0	Target	2	149210
298.552	1.0	NonTarget	1	149276
298.69	1.0	NonTarget	1	149345
298.832	1.0	Target	2	149416
298.968	1.0	NonTarget	1	149484
299.106	1.0	NonTarget	1	149553
299.25	1.0	NonTarget	1	149625
299.386	1.0	NonTarget	1	149693
299.52	1.0	Target	2	149760
299.66	1.0	NonTarget	1	149830
299.806	1.0	Target	2	149903
299.948	1.0	NonTarget	1	149974
300.082	1.0	NonTarget	1	150041
300.218	1.0	NonTarget	1	150109
300.352	1.0	Target	2	150176
300.494	1.0	NonTarget	1	150247
300.632	1.0	NonTarget	1	150316
300.768	1.0	NonTarget	1	150384
300.904	1.0	NonTarget	1	150452
301.048	1.0	NonTarget	1	150524
301.186	1.0	NonTarget	1	150593
301.322	1.0	Target	2	150661
301.454	1.0	NonTarget	1	150727
301.592	1.0	NonTarget	1	150796
301.73	1.0	Target	2	150865
301.866	1.0	NonTarget	1	150933
308.866	1.0	Target	2	154433
309.0	1.0	NonTarget	1	154500
309.134	1.0	NonTarget	1	154567
309.282	1.0	NonTarget	1	154641
309.414	1.0	Target	2	154707
309.552	1.0	NonTarget	1	154776
309.692	1.0	NonTarget	1	154846
309.832	1.0	NonTarget	1	154916
309.974	1.0	NonTarget	1	154987
310.114	1.0	NonTarget	1	155057
310.252	1.0	Target	2	155126
310.396	1.0	NonTarget	1	155198
310.532	1.0	NonTarget	1	155266
310.672	1.0	Target	2	155336
310.81	1.0	NonTarget	1	155405
310.948	1.0	NonTarget	1	155474
311.086	1.0	Target	2	155543
311.222	1.0	NonTarget	1	155611
311.362	1.0	NonTarget	1	155681
311.5	1.0	NonTarget	1	155750
311.644	1.0	Target	2	155822
311.78	1.0	NonTarget	1	155890
311.92	1.0	NonTarget	1	155960
312.058	1.0	NonTarget	1	156029
312.2	1.0	NonTarget	1	156100
312.334	1.0	NonTarget	1	156167
312.472	1.0	Target	2	156236
312.602	1.0	NonTarget	1	156301
312.756	1.0	NonTarget	1	156378
312.898	1.0	Target	2	156449
313.034	1.0	NonTarget	1	156517
313.176	1.0	NonTarget	1	156588
313.308	1.0	NonTarget	1	156654
313.448	1.0	NonTarget	1	156724
313.584	1.0	Target	2	156792
313.722	1.0	NonTarget	1	156861
313.858	1.0	NonTarget	1	156929
314.008	1.0	NonTarget	1	157004
314.132	1.0	NonTarget	1	157066
314.272	1.0	Target	2	157136
321.292	1.0	NonTarget	1	160646
321.432	1.0	NonTarget	1	160716
321.56	1.0	Target	2	160780
321.696	1.0	NonTarget	1	160848
321.834	1.0	NonTarget	1	160917
321.976	1.0	NonTarget	1	160988
322.11	1.0	NonTarget	1	161055
322.256	1.0	Target	2	161128
322.404	1.0	NonTarget	1	161202
322.542	1.0	Target	2	161271
322.68	1.0	NonTarget	1	161340
322.822	1.0	NonTarget	1	161411
322.96	1.0	Target	2	161480
323.098	1.0	NonTarget	1	161549
323.238	1.0	NonTarget	1	161619
323.372	1.0	NonTarget	1	161686
323.516	1.0	NonTarget	1	161758
323.656	1.0	NonTarget	1	161828
323.794	1.0	Target	2	161897
323.932	1.0	NonTarget	1	161966
324.07	1.0	NonTarget	1	162035
324.202	1.0	NonTarget	1	162101
324.344	1.0	NonTarget	1	162172
324.484	1.0	Target	2	162242
324.624	1.0	NonTarget	1	162312
324.764	1.0	Target	2	162382
324.9	1.0	NonTarget	1	162450
325.04	1.0	NonTarget	1	162520
325.176	1.0	NonTarget	1	162588
325.314	1.0	NonTarget	1	162657
325.45	1.0	NonTarget	1	162725
325.582	1.0	Target	2	162791
325.72	1.0	NonTarget	1	162860
325.862	1.0	Target	2	162931
326.002	1.0	NonTarget	1	163001
326.136	1.0	NonTarget	1	163068
326.274	1.0	NonTarget	1	163137
326.412	1.0	Target	2	163206
326.55	1.0	NonTarget	1	163275
326.684	1.0	NonTarget	1	163342
333.674	1.0	Target	2	166837
333.812	1.0	NonTarget	1	166906
333.948	1.0	NonTarget	1	166974
334.094	1.0	NonTarget	1	167047
334.24	1.0	Target	2	167120
334.38	1.0	NonTarget	1	167190
334.518	1.0	NonTarget	1	167259
334.654	1.0	NonTarget	1	167327
334.794	1.0	NonTarget	1	167397
334.926	1.0	NonTarget	1	167463
335.066	1.0	Target	2	167533
335.206	1.0	NonTarget	1	167603
335.348	1.0	NonTarget	1	167674
335.486	1.0	Target	2	167743
335.622	1.0	NonTarget	1	167811
335.76	1.0	NonTarget	1	167880
335.894	1.0	Target	2	167947
336.028	1.0	NonTarget	1	168014
336.166	1.0	NonTarget	1	168083
336.304	1.0	NonTarget	1	168152
336.452	1.0	Target	2	168226
336.596	1.0	NonTarget	1	168298
336.732	1.0	NonTarget	1	168366
336.864	1.0	NonTarget	1	168432
337.006	1.0	NonTarget	1	168503
337.14	1.0	NonTarget	1	168570
337.278	1.0	Target	2	168639
337.414	1.0	NonTarget	1	168707
337.556	1.0	NonTarget	1	168778
337.698	1.0	Target	2	168849
337.838	1.0	NonTarget	1	168919
337.976	1.0	NonTarget	1	168988
338.108	1.0	NonTarget	1	169054
338.246	1.0	NonTarget	1	169123
338.386	1.0	Target	2	169193
338.522	1.0	NonTarget	1	169261
338.666	1.0	NonTarget	1	169333
338.816	1.0	NonTarget	1	169408
338.946	1.0	NonTarget	1	169473
339.08	1.0	Target	2	169540
346.07	1.0	NonTarget	1	173035
346.21	1.0	NonTarget	1	173105
346.352	1.0	Target	2	173176
346.488	1.0	NonTarget	1	173244
346.628	1.0	NonTarget	1	173314
346.766	1.0	NonTarget	1	173383
346.902	1.0	NonTarget	1	173451
347.044	1.0	Target	2	173522
347.184	1.0	NonTarget	1	173592
347.326	1.0	Target	2	173663
347.464	1.0	NonTarget	1	173732
347.6	1.0	NonTarget	1	173800
347.74	1.0	Target	2	173870
347.872	1.0	NonTarget	1	173936
348.008	1.0	NonTarget	1	174004
348.152	1.0	NonTarget	1	174076
348.302	1.0	NonTarget	1	174151
348.442	1.0	NonTarget	1	174221
348.582	1.0	Target	2	174291
348.714	1.0	NonTarget	1	174357
348.854	1.0	NonTarget	1	174427
348.994	1.0	NonTarget	1	174497
349.13	1.0	NonTarget	1	174565
349.268	1.0	Target	2	174634
349.42	1.0	NonTarget	1	174710
349.56	1.0	Target	2	174780
349.7	1.0	NonTarget	1	174850
349.836	1.0	NonTarget	1	174918
349.976	1.0	NonTarget	1	174988
350.118	1.0	NonTarget	1	175059
350.256	1.0	NonTarget	1	175128
350.39	1.0	Target	2	175195
350.536	1.0	NonTarget	1	175268
350.678	1.0	Target	2	175339
350.808	1.0	NonTarget	1	175404
350.946	1.0	NonTarget	1	175473
351.084	1.0	NonTarget	1	175542
351.22	1.0	Target	2	175610
351.356	1.0	NonTarget	1	175678
351.494	1.0	NonTarget	1	175747
358.488	1.0	Target	2	179244
358.624	1.0	NonTarget	1	179312
358.764	1.0	NonTarget	1	179382
358.908	1.0	NonTarget	1	179454
359.044	1.0	Target	2	179522
359.174	1.0	NonTarget	1	179587
359.312	1.0	NonTarget	1	179656
359.448	1.0	NonTarget	1	179724
359.588	1.0	NonTarget	1	179794
359.724	1.0	NonTarget	1	179862
359.86	1.0	Target	2	179930
359.998	1.0	NonTarget	1	179999
360.136	1.0	NonTarget	1	180068
360.274	1.0	Target	2	180137
360.414	1.0	NonTarget	1	180207
360.548	1.0	NonTarget	1	180274
360.688	1.0	Target	2	180344
360.83	1.0	NonTarget	1	180415
360.972	1.0	NonTarget	1	180486
361.112	1.0	NonTarget	1	180556
361.258	1.0	Target	2	180629
361.398	1.0	NonTarget	1	180699
361.534	1.0	NonTarget	1	180767
361.67	1.0	NonTarget	1	180835
361.808	1.0	NonTarget	1	180904
361.94	1.0	NonTarget	1	180970
362.076	1.0	Target	2	181038
362.214	1.0	NonTarget	1	181107
362.358	1.0	NonTarget	1	181179
362.504	1.0	Target	2	181252
362.642	1.0	NonTarget	1	181321
362.782	1.0	NonTarget	1	181391
362.922	1.0	NonTarget	1	181461
363.072	1.0	NonTarget	1	181536
363.204	1.0	Target	2	181602
363.34	1.0	NonTarget	1	181670
363.48	1.0	NonTarget	1	181740
363.626	1.0	NonTarget	1	181813
363.762	1.0	NonTarget	1	181881
363.892	1.0	Target	2	181946
370.906	1.0	Target	2	185453
371.046	1.0	NonTarget	1	185523
371.184	1.0	NonTarget	1	185592
371.322	1.0	NonTarget	1	185661
371.466	1.0	Target	2	185733
371.6	1.0	NonTarget	1	185800
371.746	1.0	NonTarget	1	185873
371.882	1.0	NonTarget	1	185941
372.02	1.0	NonTarget	1	186010
372.154	1.0	NonTarget	1	186077
372.292	1.0	Target	2	186146
372.434	1.0	NonTarget	1	186217
372.568	1.0	NonTarget	1	186284
372.706	1.0	Target	2	186353
372.856	1.0	NonTarget	1	186428
372.996	1.0	NonTarget	1	186498
373.142	1.0	Target	2	186571
373.276	1.0	NonTarget	1	186638
373.414	1.0	NonTarget	1	186707
373.548	1.0	NonTarget	1	186774
373.688	1.0	Target	2	186844
373.824	1.0	NonTarget	1	186912
373.968	1.0	NonTarget	1	186984
374.108	1.0	NonTarget	1	187054
374.246	1.0	NonTarget	1	187123
374.384	1.0	NonTarget	1	187192
374.516	1.0	Target	2	187258
374.648	1.0	NonTarget	1	187324
374.786	1.0	NonTarget	1	187393
374.926	1.0	Target	2	187463
375.064	1.0	NonTarget	1	187532
375.206	1.0	NonTarget	1	187603
375.342	1.0	NonTarget	1	187671
375.478	1.0	NonTarget	1	187739
375.622	1.0	Target	2	187811
375.764	1.0	NonTarget	1	187882
375.894	1.0	NonTarget	1	187947
376.026	1.0	NonTarget	1	188013
376.166	1.0	NonTarget	1	188083
376.304	1.0	Target	2	188152
383.32	1.0	NonTarget	1	191660
383.464	1.0	Target	2	191732
383.61	1.0	NonTarget	1	191805
383.742	1.0	NonTarget	1	191871
383.874	1.0	NonTarget	1	191937
384.014	1.0	NonTarget	1	192007
384.152	1.0	Target	2	192076
384.29	1.0	NonTarget	1	192145
384.426	1.0	Target	2	192213
384.564	1.0	NonTarget	1	192282
384.718	1.0	NonTarget	1	192359
384.85	1.0	NonTarget	1	192425
384.99	1.0	NonTarget	1	192495
385.13	1.0	NonTarget	1	192565
385.27	1.0	Target	2	192635
385.408	1.0	NonTarget	1	192704
385.544	1.0	NonTarget	1	192772
385.684	1.0	Target	2	192842
385.83	1.0	NonTarget	1	192915
385.972	1.0	NonTarget	1	192986
386.112	1.0	NonTarget	1	193056
386.246	1.0	NonTarget	1	193123
386.386	1.0	Target	2	193193
386.526	1.0	NonTarget	1	193263
386.66	1.0	Target	2	193330
386.8	1.0	NonTarget	1	193400
386.936	1.0	NonTarget	1	193468
387.08	1.0	NonTarget	1	193540
387.212	1.0	Target	2	193606
387.356	1.0	NonTarget	1	193678
387.492	1.0	NonTarget	1	193746
387.634	1.0	NonTarget	1	193817
387.772	1.0	NonTarget	1	193886
387.912	1.0	NonTarget	1	193956
388.052	1.0	NonTarget	1	194026
388.202	1.0	Target	2	194101
388.338	1.0	NonTarget	1	194169
388.478	1.0	NonTarget	1	194239
388.616	1.0	Target	2	194308
388.754	1.0	NonTarget	1	194377
395.756	1.0	NonTarget	1	197878
395.894	1.0	NonTarget	1	197947
396.03	1.0	Target	2	198015
396.168	1.0	NonTarget	1	198084
396.302	1.0	NonTarget	1	198151
396.446	1.0	NonTarget	1	198223
396.584	1.0	NonTarget	1	198292
396.718	1.0	Target	2	198359
396.848	1.0	NonTarget	1	198424
396.984	1.0	Target	2	198492
397.116	1.0	NonTarget	1	198558
397.25	1.0	NonTarget	1	198625
397.386	1.0	Target	2	198693
397.528	1.0	NonTarget	1	198764
397.67	1.0	NonTarget	1	198835
397.806	1.0	NonTarget	1	198903
397.946	1.0	NonTarget	1	198973
398.08	1.0	NonTarget	1	199040
398.214	1.0	Target	2	199107
398.352	1.0	NonTarget	1	199176
398.488	1.0	NonTarget	1	199244
398.622	1.0	NonTarget	1	199311
398.766	1.0	NonTarget	1	199383
398.906	1.0	Target	2	199453
399.034	1.0	NonTarget	1	199517
399.168	1.0	Target	2	199584
399.304	1.0	NonTarget	1	199652
399.442	1.0	NonTarget	1	199721
399.578	1.0	NonTarget	1	199789
399.708	1.0	NonTarget	1	199854
399.842	1.0	NonTarget	1	199921
399.988	1.0	Target	2	199994
400.124	1.0	NonTarget	1	200062
400.262	1.0	Target	2	200131
400.4	1.0	NonTarget	1	200200
400.536	1.0	NonTarget	1	200268
400.668	1.0	NonTarget	1	200334
400.808	1.0	Target	2	200404
400.944	1.0	NonTarget	1	200472
401.08	1.0	NonTarget	1	200540
408.09	1.0	NonTarget	1	204045
408.238	1.0	NonTarget	1	204119
408.376	1.0	Target	2	204188
408.518	1.0	NonTarget	1	204259
408.654	1.0	NonTarget	1	204327
408.792	1.0	NonTarget	1	204396
408.932	1.0	NonTarget	1	204466
409.068	1.0	Target	2	204534
409.204	1.0	NonTarget	1	204602
409.344	1.0	Target	2	204672
409.488	1.0	NonTarget	1	204744
409.626	1.0	NonTarget	1	204813
409.764	1.0	Target	2	204882
409.904	1.0	NonTarget	1	204952
410.038	1.0	NonTarget	1	205019
410.172	1.0	NonTarget	1	205086
410.31	1.0	NonTarget	1	205155
410.45	1.0	NonTarget	1	205225
410.596	1.0	Target	2	205298
410.738	1.0	NonTarget	1	205369
410.87	1.0	NonTarget	1	205435
411.01	1.0	NonTarget	1	205505
411.152	1.0	NonTarget	1	205576
411.29	1.0	Target	2	205645
411.43	1.0	NonTarget	1	205715
411.572	1.0	Target	2	205786
411.706	1.0	NonTarget	1	205853
411.852	1.0	NonTarget	1	205926
411.988	1.0	NonTarget	1	205994
412.126	1.0	NonTarget	1	206063
412.264	1.0	NonTarget	1	206132
412.404	1.0	Target	2	206202
412.54	1.0	NonTarget	1	206270
412.674	1.0	Target	2	206337
412.812	1.0	NonTarget	1	206406
412.95	1.0	NonTarget	1	206475
413.088	1.0	NonTarget	1	206544
413.224	1.0	Target	2	206612
413.36	1.0	NonTarget	1	206680
413.494	1.0	NonTarget	1	206747
420.5	1.0	NonTarget	1	210250
420.636	1.0	NonTarget	1	210318
420.77	1.0	Target	2	210385
420.91	1.0	NonTarget	1	210455
421.052	1.0	NonTarget	1	210526
421.186	1.0	NonTarget	1	210593
421.32	1.0	NonTarget	1	210660
421.452	1.0	Target	2	210726
421.59	1.0	NonTarget	1	210795
421.726	1.0	Target	2	210863
421.872	1.0	NonTarget	1	210936
422.008	1.0	NonTarget	1	211004
422.148	1.0	Target	2	211074
422.28	1.0	NonTarget	1	211140
422.41	1.0	NonTarget	1	211205
422.55	1.0	NonTarget	1	211275
422.688	1.0	NonTarget	1	211344
422.824	1.0	NonTarget	1	211412
422.956	1.0	Target	2	211478
423.106	1.0	NonTarget	1	211553
423.24	1.0	NonTarget	1	211620
423.38	1.0	NonTarget	1	211690
423.512	1.0	NonTarget	1	211756
423.646	1.0	Target	2	211823
423.778	1.0	NonTarget	1	211889
423.916	1.0	Target	2	211958
424.058	1.0	NonTarget	1	212029
424.196	1.0	NonTarget	1	212098
424.34	1.0	NonTarget	1	212170
424.478	1.0	NonTarget	1	212239
424.608	1.0	NonTarget	1	212304
424.75	1.0	Target	2	212375
424.888	1.0	NonTarget	1	212444
425.022	1.0	Target	2	212511
425.162	1.0	NonTarget	1	212581
425.29	1.0	NonTarget	1	212645
425.446	1.0	NonTarget	1	212723
425.586	1.0	Target	2	212793
425.718	1.0	NonTarget	1	212859
425.852	1.0	NonTarget	1	212926
432.868	1.0	NonTarget	1	216434
433.016	1.0	NonTarget	1	216508
433.15	1.0	NonTarget	1	216575
433.29	1.0	Target	2	216645
433.426	1.0	NonTarget	1	216713
433.558	1.0	Target	2	216779
433.714	1.0	NonTarget	1	216857
433.852	1.0	NonTarget	1	216926
433.994	1.0	NonTarget	1	216997
434.128	1.0	NonTarget	1	217064
434.258	1.0	NonTarget	1	217129
434.396	1.0	Target	2	217198
434.53	1.0	NonTarget	1	217265
434.664	1.0	NonTarget	1	217332
434.798	1.0	NonTarget	1	217399
434.946	1.0	Target	2	217473
435.086	1.0	NonTarget	1	217543
435.226	1.0	NonTarget	1	217613
435.358	1.0	NonTarget	1	217679
435.5	1.0	Target	2	217750
435.638	1.0	NonTarget	1	217819
435.772	1.0	Target	2	217886
435.906	1.0	NonTarget	1	217953
436.046	1.0	NonTarget	1	218023
436.194	1.0	NonTarget	1	218097
436.334	1.0	NonTarget	1	218167
436.47	1.0	NonTarget	1	218235
436.604	1.0	Target	2	218302
436.744	1.0	NonTarget	1	218372
436.878	1.0	NonTarget	1	218439
437.014	1.0	Target	2	218507
437.154	1.0	NonTarget	1	218577
437.296	1.0	Target	2	218648
437.438	1.0	NonTarget	1	218719
437.572	1.0	NonTarget	1	218786
437.704	1.0	NonTarget	1	218852
437.842	1.0	Target	2	218921
437.98	1.0	NonTarget	1	218990
438.12	1.0	NonTarget	1	219060
438.256	1.0	NonTarget	1	219128
445.264	1.0	NonTarget	1	222632
445.402	1.0	Target	2	222701
445.538	1.0	NonTarget	1	222769
445.672	1.0	NonTarget	1	222836
445.81	1.0	NonTarget	1	222905
445.952	1.0	NonTarget	1	222976
446.1	1.0	Target	2	223050
446.238	1.0	NonTarget	1	223119
446.374	1.0	Target	2	223187
446.518	1.0	NonTarget	1	223259
446.654	1.0	NonTarget	1	223327
446.79	1.0	NonTarget	1	223395
446.928	1.0	NonTarget	1	223464
447.062	1.0	NonTarget	1	223531
447.212	1.0	Target	2	223606
447.348	1.0	NonTarget	1	223674
447.486	1.0	NonTarget	1	223743
447.62	1.0	Target	2	223810
447.758	1.0	NonTarget	1	223879
447.894	1.0	NonTarget	1	223947
448.022	1.0	NonTarget	1	224011
448.162	1.0	NonTarget	1	224081
448.308	1.0	Target	2	224154
448.45	1.0	NonTarget	1	224225
448.592	1.0	Target	2	224296
448.722	1.0	NonTarget	1	224361
448.858	1.0	NonTarget	1	224429
448.99	1.0	NonTarget	1	224495
449.128	1.0	Target	2	224564
449.26	1.0	NonTarget	1	224630
449.398	1.0	NonTarget	1	224699
449.544	1.0	NonTarget	1	224772
449.682	1.0	NonTarget	1	224841
449.81	1.0	NonTarget	1	224905
449.95	1.0	NonTarget	1	224975
450.084	1.0	Target	2	225042
450.218	1.0	NonTarget	1	225109
450.35	1.0	NonTarget	1	225175
450.488	1.0	Target	2	225244
450.632	1.0	NonTarget	1	225316
457.644	1.0	NonTarget	1	228822
457.794	1.0	NonTarget	1	228897
457.93	1.0	Target	2	228965
458.062	1.0	NonTarget	1	229031
458.2	1.0	NonTarget	1	229100
458.336	1.0	NonTarget	1	229168
458.466	1.0	NonTarget	1	229233
458.604	1.0	Target	2	229302
458.748	1.0	NonTarget	1	229374
458.886	1.0	Target	2	229443
459.026	1.0	NonTarget	1	229513
459.16	1.0	NonTarget	1	229580
459.294	1.0	Target	2	229647
459.432	1.0	NonTarget	1	229716
459.562	1.0	NonTarget	1	229781
459.698	1.0	NonTarget	1	229849
459.834	1.0	NonTarget	1	229917
459.964	1.0	NonTarget	1	229982
460.114	1.0	Target	2	230057
460.258	1.0	NonTarget	1	230129
460.392	1.0	NonTarget	1	230196
460.524	1.0	NonTarget	1	230262
460.662	1.0	NonTarget	1	230331
460.798	1.0	Target	2	230399
460.932	1.0	NonTarget	1	230466
461.066	1.0	Target	2	230533
461.204	1.0	NonTarget	1	230602
461.352	1.0	NonTarget	1	230676
461.488	1.0	NonTarget	1	230744
461.626	1.0	NonTarget	1	230813
461.762	1.0	NonTarget	1	230881
461.902	1.0	Target	2	230951
462.036	1.0	NonTarget	1	231018
462.176	1.0	Target	2	231088
462.308	1.0	NonTarget	1	231154
462.446	1.0	NonTarget	1	231223
462.588	1.0	NonTarget	1	231294
462.724	1.0	Target	2	231362
462.876	1.0	NonTarget	1	231438
463.012	1.0	NonTarget	1	231506
470.026	1.0	Target	2	235013
470.16	1.0	NonTarget	1	235080
470.296	1.0	NonTarget	1	235148
470.436	1.0	NonTarget	1	235218
470.572	1.0	Target	2	235286
470.706	1.0	NonTarget	1	235353
470.846	1.0	NonTarget	1	235423
470.984	1.0	NonTarget	1	235492
471.126	1.0	NonTarget	1	235563
471.27	1.0	NonTarget	1	235635
471.41	1.0	Target	2	235705
471.546	1.0	NonTarget	1	235773
471.68	1.0	NonTarget	1	235840
471.816	1.0	Target	2	235908
471.948	1.0	NonTarget	1	235974
472.088	1.0	NonTarget	1	236044
472.218	1.0	Target	2	236109
472.372	1.0	NonTarget	1	236186
472.504	1.0	NonTarget	1	236252
472.642	1.0	NonTarget	1	236321
472.776	1.0	Target	2	236388
472.906	1.0	NonTarget	1	236453
473.044	1.0	NonTarget	1	236522
473.186	1.0	NonTarget	1	236593
473.322	1.0	NonTarget	1	236661
473.462	1.0	NonTarget	1	236731
473.61	1.0	Target	2	236805
473.748	1.0	NonTarget	1	236874
473.882	1.0	NonTarget	1	236941
474.032	1.0	Target	2	237016
474.172	1.0	NonTarget	1	237086
474.308	1.0	NonTarget	1	237154
474.444	1.0	NonTarget	1	237222
474.58	1.0	NonTarget	1	237290
474.726	1.0	Target	2	237363
474.866	1.0	NonTarget	1	237433
474.998	1.0	NonTarget	1	237499
475.13	1.0	NonTarget	1	237565
475.27	1.0	NonTarget	1	237635
475.408	1.0	Target	2	237704
482.43	1.0	NonTarget	1	241215
482.57	1.0	Target	2	241285
482.704	1.0	NonTarget	1	241352
482.844	1.0	NonTarget	1	241422
482.978	1.0	NonTarget	1	241489
483.11	1.0	NonTarget	1	241555
483.252	1.0	Target	2	241626
483.39	1.0	NonTarget	1	241695
483.528	1.0	Target	2	241764
483.666	1.0	NonTarget	1	241833
483.804	1.0	NonTarget	1	241902
483.936	1.0	NonTarget	1	241968
484.088	1.0	NonTarget	1	242044
484.224	1.0	NonTarget	1	242112
484.358	1.0	Target	2	242179
484.506	1.0	NonTarget	1	242253
484.644	1.0	NonTarget	1	242322
484.784	1.0	Target	2	242392
484.92	1.0	NonTarget	1	242460
485.058	1.0	NonTarget	1	242529
485.192	1.0	NonTarget	1	242596
485.324	1.0	NonTarget	1	242662
485.46	1.0	Target	2	242730
485.604	1.0	NonTarget	1	242802
485.74	1.0	Target	2	242870
485.88	1.0	NonTarget	1	242940
486.018	1.0	NonTarget	1	243009
486.158	1.0	NonTarget	1	243079
486.292	1.0	Target	2	243146
486.426	1.0	NonTarget	1	243213
486.562	1.0	NonTarget	1	243281
486.698	1.0	NonTarget	1	243349
486.846	1.0	NonTarget	1	243423
486.986	1.0	NonTarget	1	243493
487.122	1.0	NonTarget	1	243561
487.256	1.0	Target	2	243628
487.39	1.0	NonTarget	1	243695
487.53	1.0	NonTarget	1	243765
487.662	1.0	Target	2	243831
487.802	1.0	NonTarget	1	243901
494.818	1.0	Target	2	247409
494.956	1.0	NonTarget	1	247478
495.102	1.0	NonTarget	1	247551
495.24	1.0	NonTarget	1	247620
495.374	1.0	Target	2	247687
495.51	1.0	NonTarget	1	247755
495.648	1.0	NonTarget	1	247824
495.786	1.0	NonTarget	1	247893
495.922	1.0	NonTarget	1	247961
496.054	1.0	NonTarget	1	248027
496.19	1.0	Target	2	248095
496.34	1.0	NonTarget	1	248170
496.476	1.0	NonTarget	1	248238
496.612	1.0	Target	2	248306
496.744	1.0	NonTarget	1	248372
496.89	1.0	NonTarget	1	248445
497.026	1.0	Target	2	248513
497.166	1.0	NonTarget	1	248583
497.306	1.0	NonTarget	1	248653
497.448	1.0	NonTarget	1	248724
497.588	1.0	Target	2	248794
497.724	1.0	NonTarget	1	248862
497.864	1.0	NonTarget	1	248932
498.004	1.0	NonTarget	1	249002
498.14	1.0	NonTarget	1	249070
498.276	1.0	NonTarget	1	249138
498.412	1.0	Target	2	249206
498.546	1.0	NonTarget	1	249273
498.68	1.0	NonTarget	1	249340
498.814	1.0	Target	2	249407
498.954	1.0	NonTarget	1	249477
499.09	1.0	NonTarget	1	249545
499.228	1.0	NonTarget	1	249614
499.374	1.0	NonTarget	1	249687
499.51	1.0	Target	2	249755
499.642	1.0	NonTarget	1	249821
499.784	1.0	NonTarget	1	249892
499.922	1.0	NonTarget	1	249961
500.056	1.0	NonTarget	1	250028
500.194	1.0	Target	2	250097
507.17	1.0	NonTarget	1	253585
507.308	1.0	NonTarget	1	253654
507.448	1.0	Target	2	253724
507.594	1.0	NonTarget	1	253797
507.728	1.0	NonTarget	1	253864
507.87	1.0	NonTarget	1	253935
508.006	1.0	NonTarget	1	254003
508.138	1.0	Target	2	254069
508.276	1.0	NonTarget	1	254138
508.41	1.0	Target	2	254205
508.546	1.0	NonTarget	1	254273
508.68	1.0	NonTarget	1	254340
508.83	1.0	Target	2	254415
508.97	1.0	NonTarget	1	254485
509.104	1.0	NonTarget	1	254552
509.236	1.0	NonTarget	1	254618
509.37	1.0	NonTarget	1	254685
509.5	1.0	NonTarget	1	254750
509.636	1.0	Target	2	254818
509.768	1.0	NonTarget	1	254884
509.91	1.0	NonTarget	1	254955
510.056	1.0	NonTarget	1	255028
510.188	1.0	NonTarget	1	255094
510.326	1.0	Target	2	255163
510.466	1.0	NonTarget	1	255233
510.602	1.0	Target	2	255301
510.738	1.0	NonTarget	1	255369
510.876	1.0	NonTarget	1	255438
511.008	1.0	NonTarget	1	255504
511.156	1.0	NonTarget	1	255578
511.288	1.0	NonTarget	1	255644
511.422	1.0	Target	2	255711
511.556	1.0	NonTarget	1	255778
511.69	1.0	Target	2	255845
511.83	1.0	NonTarget	1	255915
511.964	1.0	NonTarget	1	255982
512.102	1.0	NonTarget	1	256051
512.236	1.0	Target	2	256118
512.382	1.0	NonTarget	1	256191
512.514	1.0	NonTarget	1	256257
519.586	1.0	NonTarget	1	259793
519.726	1.0	NonTarget	1	259863
519.864	1.0	Target	2	259932
520.002	1.0	NonTarget	1	260001
520.14	1.0	NonTarget	1	260070
520.276	1.0	NonTarget	1	260138
520.406	1.0	NonTarget	1	260203
520.544	1.0	Target	2	260272
520.682	1.0	NonTarget	1	260341
520.814	1.0	Target	2	260407
520.948	1.0	NonTarget	1	260474
521.098	1.0	NonTarget	1	260549
521.23	1.0	Target	2	260615
521.366	1.0	NonTarget	1	260683
521.5	1.0	NonTarget	1	260750
521.636	1.0	NonTarget	1	260818
521.776	1.0	NonTarget	1	260888
521.908	1.0	NonTarget	1	260954
522.048	1.0	Target	2	261024
522.194	1.0	NonTarget	1	261097
522.33	1.0	NonTarget	1	261165
522.472	1.0	NonTarget	1	261236
522.602	1.0	NonTarget	1	261301
522.738	1.0	Target	2	261369
522.874	1.0	NonTarget	1	261437
523.014	1.0	Target	2	261507
523.154	1.0	NonTarget	1	261577
523.294	1.0	NonTarget	1	261647
523.44	1.0	NonTarget	1	261720
523.574	1.0	NonTarget	1	261787
523.708	1.0	NonTarget	1	261854
523.844	1.0	Target	2	261922
523.982	1.0	NonTarget	1	261991
524.12	1.0	Target	2	262060
524.256	1.0	NonTarget	1	262128
524.392	1.0	NonTarget	1	262196
524.548	1.0	NonTarget	1	262274
524.678	1.0	Target	2	262339
524.828	1.0	NonTarget	1	262414
524.964	1.0	NonTarget	1	262482
531.9	1.0	NonTarget	1	265950
532.038	1.0	NonTarget	1	266019
532.19	1.0	NonTarget	1	266095
532.324	1.0	Target	2	266162
532.458	1.0	NonTarget	1	266229
532.598	1.0	Target	2	266299
532.738	1.0	NonTarget	1	266369
532.876	1.0	NonTarget	1	266438
533.01	1.0	NonTarget	1	266505
533.142	1.0	NonTarget	1	266571
533.286	1.0	NonTarget	1	266643
533.428	1.0	Target	2	266714
533.568	1.0	NonTarget	1	266784
533.704	1.0	NonTarget	1	266852
533.836	1.0	NonTarget	1	266918
533.976	1.0	Target	2	266988
534.11	1.0	NonTarget	1	267055
534.244	1.0	NonTarget	1	267122
534.378	1.0	NonTarget	1	267189
534.528	1.0	Target	2	267264
534.672	1.0	NonTarget	1	267336
534.808	1.0	Target	2	267404
534.948	1.0	NonTarget	1	267474
535.082	1.0	NonTarget	1	267541
535.21	1.0	NonTarget	1	267605
535.348	1.0	NonTarget	1	267674
535.482	1.0	NonTarget	1	267741
535.622	1.0	Target	2	267811
535.77	1.0	NonTarget	1	267885
535.904	1.0	NonTarget	1	267952
536.044	1.0	Target	2	268022
536.182	1.0	NonTarget	1	268091
536.314	1.0	Target	2	268157
536.446	1.0	NonTarget	1	268223
536.582	1.0	NonTarget	1	268291
536.722	1.0	NonTarget	1	268361
536.87	1.0	Target	2	268435
537.004	1.0	NonTarget	1	268502
537.138	1.0	NonTarget	1	268569
537.27	1.0	NonTarget	1	268635
544.296	1.0	Target	2	272148
544.428	1.0	NonTarget	1	272214
544.564	1.0	NonTarget	1	272282
544.7	1.0	NonTarget	1	272350
544.828	1.0	Target	2	272414
544.972	1.0	NonTarget	1	272486
545.112	1.0	NonTarget	1	272556
545.254	1.0	NonTarget	1	272627
545.39	1.0	NonTarget	1	272695
545.528	1.0	NonTarget	1	272764
545.662	1.0	Target	2	272831
545.798	1.0	NonTarget	1	272899
545.938	1.0	NonTarget	1	272969
546.068	1.0	Target	2	273034
546.206	1.0	NonTarget	1	273103
546.354	1.0	NonTarget	1	273177
546.488	1.0	Target	2	273244
546.624	1.0	NonTarget	1	273312
546.762	1.0	NonTarget	1	273381
546.896	1.0	NonTarget	1	273448
547.036	1.0	Target	2	273518
547.168	1.0	NonTarget	1	273584
547.304	1.0	NonTarget	1	273652
547.438	1.0	NonTarget	1	273719
547.586	1.0	NonTarget	1	273793
547.722	1.0	NonTarget	1	273861
547.854	1.0	Target	2	273927
547.99	1.0	NonTarget	1	273995
548.136	1.0	NonTarget	1	274068
548.272	1.0	Target	2	274136
548.41	1.0	NonTarget	1	274205
548.55	1.0	NonTarget	1	274275
548.696	1.0	NonTarget	1	274348
548.84	1.0	NonTarget	1	274420
548.988	1.0	Target	2	274494
549.118	1.0	NonTarget	1	274559
549.254	1.0	NonTarget	1	274627
549.394	1.0	NonTarget	1	274697
549.528	1.0	NonTarget	1	274764
549.666	1.0	Target	2	274833
556.688	1.0	NonTarget	1	278344
556.822	1.0	Target	2	278411
556.966	1.0	NonTarget	1	278483
557.11	1.0	NonTarget	1	278555
557.254	1.0	NonTarget	1	278627
557.388	1.0	NonTarget	1	278694
557.528	1.0	Target	2	278764
557.668	1.0	NonTarget	1	278834
557.802	1.0	Target	2	278901
557.94	1.0	NonTarget	1	278970
558.09	1.0	NonTarget	1	279045
558.228	1.0	NonTarget	1	279114
558.362	1.0	NonTarget	1	279181
558.5	1.0	NonTarget	1	279250
558.64	1.0	Target	2	279320
558.776	1.0	NonTarget	1	279388
558.91	1.0	NonTarget	1	279455
559.052	1.0	Target	2	279526
559.186	1.0	NonTarget	1	279593
559.33	1.0	NonTarget	1	279665
559.464	1.0	NonTarget	1	279732
559.602	1.0	NonTarget	1	279801
559.732	1.0	Target	2	279866
559.866	1.0	NonTarget	1	279933
559.998	1.0	Target	2	279999
560.128	1.0	NonTarget	1	280064
560.266	1.0	NonTarget	1	280133
560.406	1.0	NonTarget	1	280203
560.546	1.0	Target	2	280273
560.68	1.0	NonTarget	1	280340
560.816	1.0	NonTarget	1	280408
560.95	1.0	NonTarget	1	280475
561.088	1.0	NonTarget	1	280544
561.226	1.0	NonTarget	1	280613
561.36	1.0	NonTarget	1	280680
561.488	1.0	Target	2	280744
561.638	1.0	NonTarget	1	280819
561.77	1.0	NonTarget	1	280885
561.906	1.0	Target	2	280953
562.046	1.0	NonTarget	1	281023
569.062	1.0	NonTarget	1	284531
569.2	1.0	NonTarget	1	284600
569.332	1.0	Target	2	284666
569.46	1.0	NonTarget	1	284730
569.602	1.0	NonTarget	1	284801
569.738	1.0	NonTarget	1	284869
569.872	1.0	NonTarget	1	284936
570.016	1.0	Target	2	285008
570.152	1.0	NonTarget	1	285076
570.284	1.0	Target	2	285142
570.416	1.0	NonTarget	1	285208
570.552	1.0	NonTarget	1	285276
570.682	1.0	Target	2	285341
570.826	1.0	NonTarget	1	285413
570.96	1.0	NonTarget	1	285480
571.116	1.0	NonTarget	1	285558
571.25	1.0	NonTarget	1	285625
571.38	1.0	NonTarget	1	285690
571.514	1.0	Target	2	285757
571.65	1.0	NonTarget	1	285825
571.788	1.0	NonTarget	1	285894
571.926	1.0	NonTarget	1	285963
572.062	1.0	NonTarget	1	286031
572.202	1.0	Target	2	286101
572.34	1.0	NonTarget	1	286170
572.482	1.0	Target	2	286241
572.618	1.0	NonTarget	1	286309
572.75	1.0	NonTarget	1	286375
572.88	1.0	NonTarget	1	286440
573.02	1.0	NonTarget	1	286510
573.156	1.0	NonTarget	1	286578
573.294	1.0	Target	2	286647
573.442	1.0	NonTarget	1	286721
573.576	1.0	Target	2	286788
573.714	1.0	NonTarget	1	286857
573.852	1.0	NonTarget	1	286926
573.98	1.0	NonTarget	1	286990
574.12	1.0	Target	2	287060
574.254	1.0	NonTarget	1	287127
574.39	1.0	NonTarget	1	287195
581.36	1.0	NonTarget	1	290680
581.504	1.0	NonTarget	1	290752
581.638	1.0	Target	2	290819
581.78	1.0	NonTarget	1	290890
581.91	1.0	NonTarget	1	290955
582.046	1.0	NonTarget	1	291023
582.184	1.0	NonTarget	1	291092
582.326	1.0	Target	2	291163
582.46	1.0	NonTarget	1	291230
582.61	1.0	Target	2	291305
582.744	1.0	NonTarget	1	291372
582.886	1.0	NonTarget	1	291443
583.026	1.0	Target	2	291513
583.162	1.0	NonTarget	1	291581
583.302	1.0	NonTarget	1	291651
583.442	1.0	NonTarget	1	291721
583.58	1.0	NonTarget	1	291790
583.724	1.0	NonTarget	1	291862
583.868	1.0	Target	2	291934
584.004	1.0	NonTarget	1	292002
584.144	1.0	NonTarget	1	292072
584.27	1.0	NonTarget	1	292135
584.412	1.0	NonTarget	1	292206
584.542	1.0	Target	2	292271
584.672	1.0	NonTarget	1	292336
584.808	1.0	Target	2	292404
584.95	1.0	NonTarget	1	292475
585.094	1.0	NonTarget	1	292547
585.23	1.0	NonTarget	1	292615
585.376	1.0	NonTarget	1	292688
585.508	1.0	NonTarget	1	292754
585.646	1.0	Target	2	292823
585.778	1.0	NonTarget	1	292889
585.912	1.0	Target	2	292956
586.052	1.0	NonTarget	1	293026
586.202	1.0	NonTarget	1	293101
586.34	1.0	NonTarget	1	293170
586.474	1.0	Target	2	293237
586.606	1.0	NonTarget	1	293303
586.744	1.0	NonTarget	1	293372
593.72	1.0	NonTarget	1	296860
593.858	1.0	NonTarget	1	296929
593.996	1.0	NonTarget	1	296998
594.13	1.0	Target	2	297065
594.27	1.0	NonTarget	1	297135
594.402	1.0	Target	2	297201
594.536	1.0	NonTarget	1	297268
594.68	1.0	NonTarget	1	297340
594.82	1.0	NonTarget	1	297410
594.954	1.0	NonTarget	1	297477
595.096	1.0	NonTarget	1	297548
595.23	1.0	Target	2	297615
595.358	1.0	NonTarget	1	297679
595.496	1.0	NonTarget	1	297748
595.63	1.0	NonTarget	1	297815
595.766	1.0	Target	2	297883
595.896	1.0	NonTarget	1	297948
596.028	1.0	NonTarget	1	298014
596.184	1.0	NonTarget	1	298092
596.32	1.0	Target	2	298160
596.458	1.0	NonTarget	1	298229
596.588	1.0	Target	2	298294
596.728	1.0	NonTarget	1	298364
596.864	1.0	NonTarget	1	298432
597.002	1.0	NonTarget	1	298501
597.138	1.0	NonTarget	1	298569
597.29	1.0	NonTarget	1	298645
597.424	1.0	Target	2	298712
597.564	1.0	NonTarget	1	298782
597.702	1.0	NonTarget	1	298851
597.838	1.0	Target	2	298919
597.976	1.0	NonTarget	1	298988
598.11	1.0	Target	2	299055
598.262	1.0	NonTarget	1	299131
598.4	1.0	NonTarget	1	299200
598.544	1.0	NonTarget	1	299272
598.68	1.0	Target	2	299340
598.814	1.0	NonTarget	1	299407
598.95	1.0	NonTarget	1	299475
599.09	1.0	NonTarget	1	299545
606.108	1.0	NonTarget	1	303054
606.244	1.0	NonTarget	1	303122
606.38	1.0	NonTarget	1	303190
606.514	1.0	Target	2	303257
606.646	1.0	NonTarget	1	303323
606.786	1.0	Target	2	303393
606.93	1.0	NonTarget	1	303465
607.074	1.0	NonTarget	1	303537
607.206	1.0	NonTarget	1	303603
607.34	1.0	NonTarget	1	303670
607.478	1.0	NonTarget	1	303739
607.614	1.0	Target	2	303807
607.746	1.0	NonTarget	1	303873
607.886	1.0	NonTarget	1	303943
608.026	1.0	NonTarget	1	304013
608.168	1.0	Target	2	304084
608.304	1.0	NonTarget	1	304152
608.44	1.0	NonTarget	1	304220
608.58	1.0	NonTarget	1	304290
608.718	1.0	Target	2	304359
608.852	1.0	NonTarget	1	304426
608.988	1.0	Target	2	304494
609.128	1.0	NonTarget	1	304564
609.272	1.0	NonTarget	1	304636
609.412	1.0	NonTarget	1	304706
609.544	1.0	NonTarget	1	304772
609.682	1.0	NonTarget	1	304841
609.814	1.0	Target	2	304907
609.95	1.0	NonTarget	1	304975
610.088	1.0	NonTarget	1	305044
610.22	1.0	Target	2	305110
610.356	1.0	NonTarget	1	305178
610.498	1.0	Target	2	305249
610.638	1.0	NonTarget	1	305319
610.77	1.0	NonTarget	1	305385
610.906	1.0	NonTarget	1	305453
611.046	1.0	Target	2	305523
611.186	1.0	NonTarget	1	305593
611.318	1.0	NonTarget	1	305659
611.456	1.0	NonTarget	1	305728
618.476	1.0	NonTarget	1	309238
618.614	1.0	NonTarget	1	309307
618.762	1.0	Target	2	309381
618.9	1.0	NonTarget	1	309450
619.038	1.0	NonTarget	1	309519
619.174	1.0	NonTarget	1	309587
619.308	1.0	NonTarget	1	309654
619.446	1.0	Target	2	309723
619.58	1.0	NonTarget	1	309790
619.72	1.0	Target	2	309860
619.862	1.0	NonTarget	1	309931
620.01	1.0	NonTarget	1	310005
620.148	1.0	Target	2	310074
620.282	1.0	NonTarget	1	310141
620.42	1.0	NonTarget	1	310210
620.554	1.0	NonTarget	1	310277
620.688	1.0	NonTarget	1	310344
620.822	1.0	NonTarget	1	310411
620.96	1.0	Target	2	310480
621.114	1.0	NonTarget	1	310557
621.25	1.0	NonTarget	1	310625
621.388	1.0	NonTarget	1	310694
621.526	1.0	NonTarget	1	310763
621.658	1.0	Target	2	310829
621.798	1.0	NonTarget	1	310899
621.936	1.0	Target	2	310968
622.07	1.0	NonTarget	1	311035
622.208	1.0	NonTarget	1	311104
622.346	1.0	NonTarget	1	311173
622.488	1.0	NonTarget	1	311244
622.62	1.0	NonTarget	1	311310
622.76	1.0	Target	2	311380
622.896	1.0	NonTarget	1	311448
623.034	1.0	Target	2	311517
623.172	1.0	NonTarget	1	311586
623.306	1.0	NonTarget	1	311653
623.438	1.0	NonTarget	1	311719
623.596	1.0	Target	2	311798
623.734	1.0	NonTarget	1	311867
623.866	1.0	NonTarget	1	311933
630.844	1.0	NonTarget	1	315422
630.982	1.0	Target	2	315491
631.126	1.0	NonTarget	1	315563
631.262	1.0	NonTarget	1	315631
631.402	1.0	NonTarget	1	315701
631.552	1.0	NonTarget	1	315776
631.69	1.0	Target	2	315845
631.822	1.0	NonTarget	1	315911
631.96	1.0	Target	2	315980
632.102	1.0	NonTarget	1	316051
632.244	1.0	NonTarget	1	316122
632.38	1.0	NonTarget	1	316190
632.52	1.0	NonTarget	1	316260
632.668	1.0	NonTarget	1	316334
632.802	1.0	Target	2	316401
632.94	1.0	NonTarget	1	316470
633.084	1.0	NonTarget	1	316542
633.22	1.0	Target	2	316610
633.362	1.0	NonTarget	1	316681
633.496	1.0	NonTarget	1	316748
633.634	1.0	NonTarget	1	316817
633.772	1.0	NonTarget	1	316886
633.918	1.0	Target	2	316959
634.058	1.0	NonTarget	1	317029
634.194	1.0	Target	2	317097
634.334	1.0	NonTarget	1	317167
634.472	1.0	NonTarget	1	317236
634.608	1.0	NonTarget	1	317304
634.744	1.0	Target	2	317372
634.88	1.0	NonTarget	1	317440
635.016	1.0	NonTarget	1	317508
635.16	1.0	NonTarget	1	317580
635.308	1.0	NonTarget	1	317654
635.444	1.0	NonTarget	1	317722
635.576	1.0	NonTarget	1	317788
635.718	1.0	Target	2	317859
635.854	1.0	NonTarget	1	317927
635.994	1.0	NonTarget	1	317997
636.138	1.0	Target	2	318069
636.272	1.0	NonTarget	1	318136
